SourceKey,Name,Aliases,Latitude,Longitude,RadiusM
building:central-library,Central Library,,1.296261755,103.773028900,100
building:com2,COM2,Com 2|Com2,1.293655617,103.774299300,100
building:terrace,Terrace,,1.293890,103.773631,60
building:prince-georges-park,Prince George's Park,Prince George’s Park,1.290888,103.777828,220
building:engineering-e4,Engineering Block E4,E4,1.299152,103.769064,100
building:the-ridge,The Ridge,,1.294678,103.770787,75
building:yusof-ishak-house,Yusof Ishak House,YIH,1.298410586,103.774553900,120
building:frontier,Frontier,,1.294782,103.770444,75
building:hssml,Hon Sui Sen Memorial Library,HSSML,1.293126,103.771994,100
building:com3,COM3,Com 3,1.294831,103.771631,100
building:engineering-e3,Engineering Block E3,E3,1.299434,103.770630,100
building:innovation-4-0,Innovation 4.0,innovation4.0,1.294298,103.770881,100
building:medical-science-library,Medical and Science Library,Medicine+Science Library,1.296799,103.779434,100
building:as8,AS8,Blk AS8,1.296252,103.772093,100
building:engineering-ea,Engineering Block EA,EA,1.300567,103.770758,100
